id,title,price,category,description,stock,img
1,A Light in the Attic,£51.77,Poetry,It's hard to imagine a world without A Light in the Attic. This now-classic collection of poetry and drawings from Shel Silverstein celebrates its 20th anniversary with this special edition. Silverste,In stock (22 available),../../media/cache/fe/72/fe72f0532301ec28892ae79a629a293c.jpg
2,Tipping the Velvet,£53.74,Historical Fiction,"""Erotic and absorbing...Written with starling power.""--""The New York Times Book Review "" Nan King, an oyster girl, is captivated by the music hall phenomenon Kitty Butler, a male impersonator extraord",In stock (20 available),../../media/cache/08/e9/08e94f3731d7d6b760dfbfbc02ca5c62.jpg
3,Soumission,£50.10,Fiction,"Dans une France assez proche de la nôtre, un homme s’engage dans la carrière universitaire. Peu motivé par l’enseignement, il s’attend à une vie ennuyeuse mais calme, protégée des grands drames histor",In stock (20 available),../../media/cache/ee/cf/eecfe998905e455df12064dba399c075.jpg
4,Sharp Objects,£47.82,Mystery,"WICKED above her hipbone, GIRL across her heart Words are like a road map to reporter Camille Preaker’s troubled past. Fresh from a brief stay at a psych hospital, Camille’s first assignment from the ",In stock (20 available),../../media/cache/c0/59/c05972805aa7201171b8fc71a5b00292.jpg
5,Sapiens: A Brief History of Humankind,£54.23,History,From a renowned historian comes a groundbreaking narrative of humanity’s creation and evolution—a #1 international bestseller—that explores the ways in which biology and history have defined us and en,In stock (20 available),../../media/cache/ce/5f/ce5f052c65cc963cf4422be096e915c9.jpg
6,The Requiem Red,£22.65,Young Adult,"Patient Twenty-nine.A monster roams the halls of Soothing Hills Asylum. Three girls dead. 29 is endowed with the curse…or gift of perception. She hears messages in music, sees lyrics in paintings. And",In stock (19 available),../../media/cache/6b/07/6b07b77236b7c80f42bd90bf325e69f6.jpg
7,The Dirty Little Secrets of Getting Your Dream Job,£33.34,Business,"Drawing on his extensive experience evaluating applicants for his marketing agency, and featuring stories based on real-life situations, sample cover letters, resumes, and straightforward advice, Don ",In stock (19 available),../../media/cache/e1/1b/e11bea016d0ae1d7e2dd46fb3cb870b7.jpg
8,"The Coming Woman: A Novel Based on the Life of the Infamous Feminist, Victoria Woodhull",£17.93,Default,"""If you have a heart, if you have a soul, Karen Hicks' The Coming Woman will make you fall in love with Victoria Woodhull.""-Kinky Friedman, author and Governor of the Heart of Texas ""What kind of conf",In stock (19 available),../../media/cache/97/36/9736132a43b8e6e3989932218ef309ed.jpg
9,The Boys in the Boat: Nine Americans and Their Epic Quest for Gold at the 1936 Berlin Olympics,£22.60,Default,"For readers of Laura Hillenbrand's Seabiscuit and Unbroken, the dramatic story of the American rowing team that stunned the world at Hitler's 1936 Berlin Olympics Daniel James Brown’s robust book tell",In stock (19 available),../../media/cache/d1/2d/d12d26739b5369a6b5b3024e4d08f907.jpg
10,The Black Maria,£52.15,Poetry,"Praise for Aracelis Girmay:""[Girmay's] every loss—she calls them estrangements—is a yearning for connection across time and place; her every fragment is a bulwark against ruin."" — O, The Oprah Magazin",In stock (19 available),../../media/cache/d1/7a/d17a3e313e52e1be5651719e4fba1d16.jpg
11,"Starving Hearts (Triangular Trade Trilogy, #1)",£13.99,Default,"Since her assault, Miss Annette Chetwynd has been plagued by nightmares and worries about an arranged marriage. But she yearns to find her anonymous rescuer. Unfortunately, her health and intellect pr",In stock (19 available),../../media/cache/a0/7e/a07ed8f1c23f7b4baf7102722680bd30.jpg
12,Shakespeare's Sonnets,£20.66,Poetry,"This book is an important and complete collection of the Sonnets of William Shakespeare. Most readers are aware of the great plays and manuscripts written for the stage, but are unaware of the magnifi",In stock (19 available),../../media/cache/4d/7a/4d7a79a8be80a529b277ed5c4d8ba482.jpg
13,Set Me Free,£17.46,Young Adult,"Aaron Ledbetter’s future had been planned out for him since before he was born. Each year, the Ledbetter family vacation on Tybee Island gave Aaron a chance to briefly free himself from his family’s e",In stock (19 available),../../media/cache/b8/e9/b8e91bd2fc74c3954118999238abb4b8.jpg
14,Scott Pilgrim's Precious Little Life (Scott Pilgrim #1),£52.29,Sequential Art,"Scott Pilgrim's life is totally sweet. He's 23 years old, he's in a rockband, he's ""between jobs"" and he's dating a cute high school girl. Nothing could possibly go wrong, unless a seriously mind-blow",In stock (19 available),../../media/cache/97/27/97275841c81e66d53bf9313cba06f23e.jpg
15,Rip it Up and Start Again,£35.02,Music,"Punk's raw power rejuvenated rock, but by the summer of 1977 the movement had become a parody of itself. RIP IT UP AND START AGAIN is a celebration of what happened next.Post-punk bands like PiL, Joy ",In stock (19 available),../../media/cache/81/7f/817f5089c0e6e62738dce2931e7323d3.jpg
16,"Our Band Could Be Your Life: Scenes from the American Indie Underground, 1981-1991",£57.25,Music,"This is the never-before-told story of the musical revolution that happened right under the nose of the Reagan Eighties--when a small but sprawling network of bands, labels, fanzines, radio stations, ",In stock (19 available),../../media/cache/ad/96/ad96e9c9f1664cbcb0e9627b007fb6f9.jpg
17,Olio,£23.88,Poetry,"Part fact, part fiction, Tyehimba Jess's much anticipated second book weaves sonnet, song, and narrative to examine the lives of mostly unrecorded African American performers directly before and after",In stock (19 available),../../media/cache/b1/0e/b10eabab1e1c811a6d47969904fd5755.jpg
18,Mesaerion: The Best Science Fiction Stories 1800-1849,£37.59,Science Fiction,"Andrew Barger, award-winning author and engineer, has extensively researched forgotten journals and magazines of the early 19th century to locate groundbreaking science fiction short stories in the En",In stock (19 available),../../media/cache/e8/1f/e81f850db9b9622c65619c9f15748de7.jpg
19,Libertarianism for Beginners,£51.33,Politics,"Libertarianism isn't about winning elections; it is first and foremost a political philosophy--a description of how, in the opinion of libertarians, free people ought to treat one another, at least wh",In stock (19 available),../../media/cache/91/a4/91a46253e165d144ef5938f2d456b88f.jpg
20,It's Only the Himalayas,£45.17,Travel,"“Wherever you go, whatever you do, just . . . don’t do anything stupid.” —My MotherDuring her yearlong adventure backpacking from South Africa to Singapore, S. Bedford definitely did a few things her ",In stock (19 available),../../media/cache/6d/41/6d418a73cc7d4ecfd75ca11d854041db.jpg
21,In Her Wake,£12.84,Thriller,A perfect life … until she discovered it wasn’t her own.A tragic family event reveals devastating news that rips apart Bella’s comfortable existence. Embarking on a personal journey to uncover the tru,In stock (19 available),../../media/cache/27/92/2792ef951651ff1eae40a410cac41e0f.jpg
22,How Music Works,£37.32,Music,"How Music Works is David Byrne’s remarkable and buoyant celebration of a subject he has spent a lifetime thinking about. In it he explores how profoundly music is shaped by its time and place, and he ",In stock (19 available),../../media/cache/1d/40/1d4087ff0a63f09fae9cd8433d21c2c4.jpg
23,"Foolproof Preserving: A Guide to Small Batch Jams, Jellies, Pickles, Condiments, and More: A Foolproof Guide to Making Small Batch Jams, Jellies, Pickles, Condiments, and More",£30.52,Food and Drink,Canning perfected the America’s Test Kitchen way. The art of preserving produce by canning and preserving has come full circle from grandmother's kitchen to a whole new generation now eager to learn i,In stock (19 available),../../media/cache/9f/58/9f58d3ff6d58589eaf325b1a33c303a0.jpg
24,Chase Me (Paris Nights #2),£25.27,Romance,"A Michelin two-star chef at twenty-eight, Violette Lenoir could handle anything, including a cocky burglar who broke into her restaurant in the middle of the night.Or so she thought.Elite counterterro",In stock (19 available),../../media/cache/6c/84/6c84fcf7a53b02b6e763de7272934842.jpg
25,Black Dust,£34.53,Romance,"No matter how busy he keeps himself, successful Broadway musician Tobias Spence can’t outrun the memory of a tragic car crash from his past that claimed a friend’s life and permanently injured his for",In stock (19 available),../../media/cache/a4/0a/a40af95beab828af1a4757ad1ee17da3.jpg
26,Birdsong: A Story in Pictures,£54.64,Childrens,"Bring the thrilling story of one red bird to life. When an innocent bird meets two cruel kids, their world is forever changed. But exactly how that change unfolds is up to you, in the tradition of Kam",In stock (19 available),../../media/cache/af/2f/af2fe2419ea136f2cd567aa92082c3ae.jpg
27,America's Cradle of Quarterbacks: Western Pennsylvania's Football Factory from Johnny Unitas to Joe Montana,£22.50,Default,"Any fan of the Baltimore Colts of my era, any fan of my friend and teammate Johnny Unitas, or, for that matter, any fan of football in general should enjoy Wayne Stewart's book. It contains great stor",In stock (19 available),../../media/cache/a3/2a/a32ab3b8c024c6c2b274a86b185e7585.jpg
28,Aladdin and His Wonderful Lamp,£53.13,Default,"Planning on seeing Aladdin the Disney musical? Read the classic story of ""Aladdin and his Wonderful Lamp"" in this sparkling new edition by Harpendore. Synopsis: Aladdin is a poor boy who lives with hi",In stock (19 available),../../media/cache/a8/3c/a83c460fab82f35a37c0846729485547.jpg
29,Worlds Elsewhere: Journeys Around Shakespeare’s Globe,£40.30,Nonfiction,"Anti-apartheid activist, Bollywood screenwriter, Nazi pin-up, hero of the Wild West: this is Shakespeare as you have never seen him before.From the sixteenth-century Baltic to the American Revolution,",In stock (18 available),../../media/cache/7b/d9/7bd93db091d736d0c6ff9d578e3ba3d7.jpg
30,Wall and Piece,£44.18,Art,"Banksy, Britain's now-legendary ""guerilla"" street artist, has painted the walls, streets, and bridges of towns and cities throughout the world. Not only did he smuggle his pieces into four of New York",In stock (18 available),../../media/cache/df/34/df346322ddfdd3b4da0e34cad17f49dc.jpg
31,The Four Agreements: A Practical Guide to Personal Freedom,£17.66,Spirituality,"In The Four Agreements, don Miguel Ruiz reveals the source of self-limiting beliefs that rob us of joy and create needless suffering. Based on ancient Toltec wisdom, the Four Agreements offer a powerf",In stock (18 available),../../media/cache/2b/1b/2b1bfecae9d512cb6ee943ccf786216f.jpg
32,The Five Love Languages: How to Express Heartfelt Commitment to Your Mate,£31.05,Nonfiction,"Are you and your spouse speaking the same language? While love is a many splendored thing, it is sometimes a very confusing thing, too. And as people come in all varieties, shapes, and sizes, so do th",In stock (18 available),../../media/cache/7c/10/7c10101fe1759c5a17ba57e4bef9e764.jpg
33,The Elephant Tree,£23.82,Thriller,Mark Fallon is an overworked detective investigating a spate of attacks at a string of high profile city centre nightclubs. Scott is a dejected 24 year old struggling to make ends meet working for his,In stock (18 available),../../media/cache/4b/80/4b80a3d9148e224ed4d6cd4d33f43728.jpg
34,The Bear and the Piano,£36.89,Childrens,"One day, a young bear stumbles upon something he has never seen before in the forest. As time passes, he teaches himself how to play the strange instrument, and eventually the beautiful sounds are hea",In stock (18 available),../../media/cache/d0/87/d0876dcd1a6530a4cb54903aad7a3e28.jpg
35,Sophie's World,£15.94,Philosophy,"A page-turning novel that is also an exploration of the great philosophical concepts of Western thought, Sophie’s World has fired the imagination of readers all over the world, with more than twenty m",In stock (18 available),../../media/cache/d7/39/d73914232130fdf90d66f02fd9798f2b.jpg
36,Penny Maybe,£33.29,Default,"Sent to yet another foster family, Penny decides that the way to claim a sense of self is to swim Lake Ontario. Although this seems impossible, she finds the courage to ask her physics teacher to be h",In stock (18 available),../../media/cache/b1/4b/b14be641ab97a330891455a769d52fd3.jpg
37,Maude (1883-1993):She Grew Up with the country,£18.02,Default,"This new edition of Maude (1883-1993) has been updated by Mardo Williams’ daughters, adding historical details their dad wished to make, twice as many photos, and nine appendices not present in the 19",In stock (18 available),../../media/cache/65/bf/65bfa3acc93b0e558a1c3de1b1164742.jpg
38,"In a Dark, Dark Wood",£19.63,Mystery,"In a dark, dark wood Nora hasn't seen Clare for ten years. Not since Nora walked out of school one day and never went back. There was a dark, dark houseUntil, out of the blue, an invitation to Clare’s",In stock (18 available),../../media/cache/95/84/95840dfd67c020067c99d70451147e20.jpg
39,Behind Closed Doors,£52.22,Thriller,"The 2016 debut bloggers can't stop raving about. Perfect for fans of The Girl on the Train and The Ice Twins Everyone knows a couple like Jack and Grace.He has looks and wealth, she has charm and eleg",In stock (18 available),../../media/cache/a5/85/a58571db229f2e8f75ea38861eca7f39.jpg
40,You can't bury them all: Poems,£33.63,Poetry,"A poetry that is at once harrowing, angry, and achingly beautiful Patrick Woodcock has spent the past seven years engaging with and being shaped by the people, politics, and landscapes of the Kurdish ",In stock (17 available),../../media/cache/b7/44/b7440aa88046b0bf8cba50d59295518e.jpg
41,Slow States of Collapse: Poems,£57.31,Poetry,"The eagerly anticipated debut from one of Canada’s most exciting new poets In her debut collection, Ashley-Elizabeth Best explores the cultivation of resilience during uncertain and often trying times",In stock (17 available),../../media/cache/db/ac/dbac3faca8a799824f5725d66c0fcce3.jpg
42,Reasons to Stay Alive,£26.41,Nonfiction,"I want life. I want to read it and write it and feel it and live it. I want, for as much of the time as possible in this blink-of-an-eye existence we have, to feel all that can be felt. I hate depress",In stock (17 available),../../media/cache/f5/3c/f53c7d21723c860cfbca2b539bc55b8f.jpg
43,Private Paris (Private #10),£47.61,Fiction,"Paris is burning--and only Private's Jack Morgan can put out the fire.When Jack Morgan stops by Private's Paris office, he envisions a quick hello during an otherwise relaxing trip filled with fine fo",In stock (17 available),../../media/cache/05/87/0587ab519222a61f803fa4570c325ad2.jpg
44,#HigherSelfie: Wake Up Your Life. Free Your Soul. Find Your Tribe.,£23.11,Nonfiction,"There is a cosmic alarm clock going off around the world! #HigherSelfie's aim is to unite all those waking up spiritually in this digital age. This book is a guide to love, connection, and kickass sur",In stock (17 available),../../media/cache/71/45/71451e3bba61a8d888a4a2c6526a4bcf.jpg
45,Without Borders (Wanderlove #1),£45.07,New Adult,"For Annie London, a month in a Central American rainforest means handing out mosquito nets, giving medical aid, and teaching children about the birds and the bees. With any luck, it will also land her",In stock (16 available),../../media/cache/de/26/de269ee688d4dc51846567f3942600ce.jpg
46,When We Collided,£31.77,Contemporary,"We are seventeen and shattered and still dancing. We have messy, throbbing hearts, and we are stronger than anyone could ever know…Jonah never thought a girl like Vivi would come along.Vivi didn’t kno",In stock (16 available),../../media/cache/17/db/17db3de71e8217d4277a9328b04f56cf.jpg
47,"We Love You, Charlie Freeman",£50.27,Fiction,"The Freeman family--Charles, Laurel, and their daughters, teenage Charlotte and nine-year-old Callie--have been invited to the Toneybee Institute in rural Massachusetts to participate in a research ex",In stock (16 available),../../media/cache/87/a2/87a2fddd7f6b240c0351e1eb950b6716.jpg
48,Untitled Collection: Sabbath Poems 2014,£14.27,Poetry,"More than thirty-five years ago, when the weather allowed, Wendell Berry began spending his sabbaths outdoors, walking and wandering around familiar territory, seeking a deep intimacy only time could ",In stock (16 available),../../media/cache/65/6e/656e79dfd4f8b6bf19ffde2c75ceda81.jpg
49,"Unseen City: The Majesty of Pigeons, the Discreet Charm of Snails & Other Wonders of the Urban Wilderness",£44.18,Nonfiction,It all started with Nathanael Johnson’s decision to teach his daughter the name of every tree they passed on their walk to day care in San Francisco. This project turned into a quest to discover the s,In stock (16 available),../../media/cache/88/a4/88a4b5f7236b8a36ba972be5ebe4f252.jpg
50,Unicorn Tracks,£18.78,Fantasy,"After a savage attack drives her from her home, sixteen-year-old Mnemba finds a place in her cousin Tumelo’s successful safari business, where she quickly excels as a guide. Surrounding herself with n",In stock (16 available),../../media/cache/9b/09/9b0935dc936c92900c2dc5d2114da72f.jpg
51,"Unbound: How Eight Technologies Made Us Human, Transformed Society, and Brought Our World to the Brink",£25.52,History,"Although we usually think of technology as something unique to modern times, our ancestors began to create the first technologies millions of years ago in the form of prehistoric tools and weapons. Ov",In stock (16 available),../../media/cache/27/a1/27a1ebe79d6e6759ec68ea9f427a4f71.jpg
52,Tsubasa: WoRLD CHRoNiCLE 2 (Tsubasa WoRLD CHRoNiCLE #2),£16.28,Sequential Art,"DUAL WORLDS, DUAL SIGHTS In the land of Nirai Kanai, there are two realms, one that is the ""outside"" world, and another that is ""inside"" and hidden from the rest of reality. At the request of the holy",In stock (16 available),../../media/cache/8b/ab/8bab133ec9f8248a8d5f5ea5c09d0f56.jpg
53,Throwing Rocks at the Google Bus: How Growth Became the Enemy of Prosperity,£31.12,Nonfiction,"Capital in the Twenty-First Century meets The Second Machine Age in this stunning and optimistic tour de force on the promise and peril of the digital economy, from one of the most brilliant social cr",In stock (16 available),../../media/cache/f4/21/f4210912ca58ef35f8ad120fe3dfed38.jpg
54,This One Summer,£19.49,Sequential Art,"Every summer, Rose goes with her mom and dad to a lake house in Awago Beach. It's their getaway, their refuge. Rosie's friend Windy is always there, too, like the little sister she never had. But this",In stock (16 available),../../media/cache/ee/43/ee4364a59d66bafb1b3264419ab3ed9e.jpg
55,Thirst,£17.27,Fiction,"On a searing summer Friday, Eddie Chapman has been stuck for hours in a traffic jam. There are accidents along the highway, but ambulances and police are conspicuously absent. When he decides to aband",In stock (16 available),../../media/cache/8c/54/8c54a50576c204b80165a13545f73028.jpg
56,The Torch Is Passed: A Harding Family Story,£19.09,Add a comment,"Andrea Harding is a recent college graduate looking forward to attending Duke Law School when her world is turned upside down by the shooting of her father, Nicholas, and uncle, Michael, in a surprisi",In stock (16 available),../../media/cache/c7/26/c7260547c468dbe78af92cf3927c2a1c.jpg
57,The Secret of Dreadwillow Carse,£56.13,Childrens,A princess and a peasant girl must embark on a dangerous quest to outwit a centuries-old warning foretelling the fall of the Monarchy in this modern fairytale. In the center of the verdant Monarchy li,In stock (16 available),../../media/cache/7b/fd/7bfde4a3d6793f13e9a2d8851a398847.jpg
58,"The Pioneer Woman Cooks: Dinnertime: Comfort Classics, Freezer Food, 16-Minute Meals, and Other Delicious Ways to Solve Supper!",£56.41,Food and Drink,"THERE’S NO TIME LIKE DINNERTIME!Oh, don’t get me wrong. I adore breakfast. I love lunch! But dinnertime definitely tops them all. It’s the time of day when we reunite with our sweeties, our kids, our ",In stock (16 available),../../media/cache/fd/af/fdaf3c3104c559941c01e840fecd2659.jpg
59,The Past Never Ends,£56.50,Mystery,"A simple task, Attorney Chester Morgan thinks. Get a copy of a public record for a young man whose only friend has died in an unexplained accidental death. Except... The police file regarding the demi",In stock (16 available),../../media/cache/9d/f2/9df248dcefeaba9eeb519a59b248f72c.jpg
60,The Natural History of Us (The Fine Art of Pretending #2),£45.22,Young Adult,One class assignment. One second chance at love. The school player is all in. Now he needs to win back the sweet commitment girl who's forever owned his heart. Justin Carter has a secret. He's not the,In stock (16 available),../../media/cache/da/b8/dab87c14168f3ce18530447ec6437361.jpg
