title,price,url
A Light in the Attic,£51.77,a-light-in-the-attic_1000/index.html
Tipping the Velvet,£51.77,tipping-the-velvet_999/index.html
Soumission,£51.77,soumission_998/index.html
Sharp Objects,£51.77,sharp-objects_997/index.html
Sapiens: A Brief History of Humankind,£51.77,sapiens-a-brief-history-of-humankind_996/index.html
The Requiem Red,£51.77,the-requiem-red_995/index.html
The Dirty Little Secrets of Getting Your Dream Job,£51.77,the-dirty-little-secrets-of-getting-your-dream-job_994/index.html
"The Coming Woman: A Novel Based on the Life of the Infamous Feminist, Victoria Woodhull",£51.77,the-coming-woman-a-novel-based-on-the-life-of-the-infamous-feminist-victoria-woodhull_993/index.html
The Boys in the Boat: Nine Americans and Their Epic Quest for Gold at the 1936 Berlin Olympics,£51.77,the-boys-in-the-boat-nine-americans-and-their-epic-quest-for-gold-at-the-1936-berlin-olympics_992/index.html
The Black Maria,£51.77,the-black-maria_991/index.html
"Starving Hearts (Triangular Trade Trilogy, #1)",£51.77,starving-hearts-triangular-trade-trilogy-1_990/index.html
Shakespeare's Sonnets,£51.77,shakespeares-sonnets_989/index.html
Set Me Free,£51.77,set-me-free_988/index.html
Scott Pilgrim's Precious Little Life (Scott Pilgrim #1),£51.77,scott-pilgrims-precious-little-life-scott-pilgrim-1_987/index.html
Rip it Up and Start Again,£51.77,rip-it-up-and-start-again_986/index.html
"Our Band Could Be Your Life: Scenes from the American Indie Underground, 1981-1991",£51.77,our-band-could-be-your-life-scenes-from-the-american-indie-underground-1981-1991_985/index.html
Olio,£51.77,olio_984/index.html
Mesaerion: The Best Science Fiction Stories 1800-1849,£51.77,mesaerion-the-best-science-fiction-stories-1800-1849_983/index.html
Libertarianism for Beginners,£51.77,libertarianism-for-beginners_982/index.html
It's Only the Himalayas,£51.77,its-only-the-himalayas_981/index.html
In Her Wake,£12.84,in-her-wake_980/index.html
How Music Works,£12.84,how-music-works_979/index.html
"Foolproof Preserving: A Guide to Small Batch Jams, Jellies, Pickles, Condiments, and More: A Foolproof Guide to Making Small Batch Jams, Jellies, Pickles, Condiments, and More",£12.84,foolproof-preserving-a-guide-to-small-batch-jams-jellies-pickles-condiments-and-more-a-foolproof-guide-to-making-small-batch-jams-jellies-pickles-condiments-and-more_978/index.html
Chase Me (Paris Nights #2),£12.84,chase-me-paris-nights-2_977/index.html
Black Dust,£12.84,black-dust_976/index.html
Birdsong: A Story in Pictures,£12.84,birdsong-a-story-in-pictures_975/index.html
America's Cradle of Quarterbacks: Western Pennsylvania's Football Factory from Johnny Unitas to Joe Montana,£12.84,americas-cradle-of-quarterbacks-western-pennsylvanias-football-factory-from-johnny-unitas-to-joe-montana_974/index.html
Aladdin and His Wonderful Lamp,£12.84,aladdin-and-his-wonderful-lamp_973/index.html
Worlds Elsewhere: Journeys Around Shakespeare’s Globe,£12.84,worlds-elsewhere-journeys-around-shakespeares-globe_972/index.html
Wall and Piece,£12.84,wall-and-piece_971/index.html
The Four Agreements: A Practical Guide to Personal Freedom,£12.84,the-four-agreements-a-practical-guide-to-personal-freedom_970/index.html
The Five Love Languages: How to Express Heartfelt Commitment to Your Mate,£12.84,the-five-love-languages-how-to-express-heartfelt-commitment-to-your-mate_969/index.html
The Elephant Tree,£12.84,the-elephant-tree_968/index.html
The Bear and the Piano,£12.84,the-bear-and-the-piano_967/index.html
Sophie's World,£12.84,sophies-world_966/index.html
Penny Maybe,£12.84,penny-maybe_965/index.html
Maude (1883-1993):She Grew Up with the country,£12.84,maude-1883-1993she-grew-up-with-the-country_964/index.html
"In a Dark, Dark Wood",£12.84,in-a-dark-dark-wood_963/index.html
Behind Closed Doors,£12.84,behind-closed-doors_962/index.html
You can't bury them all: Poems,£12.84,you-cant-bury-them-all-poems_961/index.html
Slow States of Collapse: Poems,£57.31,slow-states-of-collapse-poems_960/index.html
Reasons to Stay Alive,£57.31,reasons-to-stay-alive_959/index.html
Private Paris (Private #10),£57.31,private-paris-private-10_958/index.html
#HigherSelfie: Wake Up Your Life. Free Your Soul. Find Your Tribe.,£57.31,higherselfie-wake-up-your-life-free-your-soul-find-your-tribe_957/index.html
Without Borders (Wanderlove #1),£57.31,without-borders-wanderlove-1_956/index.html
When We Collided,£57.31,when-we-collided_955/index.html
"We Love You, Charlie Freeman",£57.31,we-love-you-charlie-freeman_954/index.html
Untitled Collection: Sabbath Poems 2014,£57.31,untitled-collection-sabbath-poems-2014_953/index.html
"Unseen City: The Majesty of Pigeons, the Discreet Charm of Snails & Other Wonders of the Urban Wilderness",£57.31,unseen-city-the-majesty-of-pigeons-the-discreet-charm-of-snails-other-wonders-of-the-urban-wilderness_952/index.html
Unicorn Tracks,£57.31,unicorn-tracks_951/index.html
"Unbound: How Eight Technologies Made Us Human, Transformed Society, and Brought Our World to the Brink",£57.31,unbound-how-eight-technologies-made-us-human-transformed-society-and-brought-our-world-to-the-brink_950/index.html
Tsubasa: WoRLD CHRoNiCLE 2 (Tsubasa WoRLD CHRoNiCLE #2),£57.31,tsubasa-world-chronicle-2-tsubasa-world-chronicle-2_949/index.html
Throwing Rocks at the Google Bus: How Growth Became the Enemy of Prosperity,£57.31,throwing-rocks-at-the-google-bus-how-growth-became-the-enemy-of-prosperity_948/index.html
This One Summer,£57.31,this-one-summer_947/index.html
Thirst,£57.31,thirst_946/index.html
The Torch Is Passed: A Harding Family Story,£57.31,the-torch-is-passed-a-harding-family-story_945/index.html
The Secret of Dreadwillow Carse,£57.31,the-secret-of-dreadwillow-carse_944/index.html
"The Pioneer Woman Cooks: Dinnertime: Comfort Classics, Freezer Food, 16-Minute Meals, and Other Delicious Ways to Solve Supper!",£57.31,the-pioneer-woman-cooks-dinnertime-comfort-classics-freezer-food-16-minute-meals-and-other-delicious-ways-to-solve-supper_943/index.html
The Past Never Ends,£57.31,the-past-never-ends_942/index.html
The Natural History of Us (The Fine Art of Pretending #2),£57.31,the-natural-history-of-us-the-fine-art-of-pretending-2_941/index.html
